{
    "id": 1,
    "title": "Sum List",
    "description": "The function should return the sum of all elements, but there\u2019s a bug.",
    "snippet": "def sum_list(nums):\n    total = 0\n    for i in range(1, len(nums)):\n        total += nums[i]\n    return total",
    "fix_line": 2,
    "tests": [
        "assert sum_list([1,2,3]) == 6",
        "assert sum_list([10,20]) == 30",
        "assert sum_list([]) == 0"
    ],
    "difficulty": "Easy",
    "explanation": "The loop starts at 1 instead of 0, so the first element is skipped."
}