{
    "id": 16,
    "title": "Check Prime",
    "description": "Check if a number is prime but there\u2019s a bug.",
    "snippet": "def is_prime(n):\n    for i in range(2,n):\n        if n % i == 0:\n            return False\n    return False",
    "fix_line": 4,
    "tests": [
        "assert is_prime(2) == True",
        "assert is_prime(4) == False"
    ],
    "difficulty": "Medium",
    "explanation": "Function always returns False at the end; it should return True if no divisors found."
}