{
    "id": 3,
    "title": "First Even Number",
    "description": "Find the first even number in the list. Watch out for edge cases.",
    "snippet": "def first_even(nums):\n    for n in nums:\n        if n % 2 == 0:\n            return n\n    return nums[0]",
    "fix_line": 4,
    "tests": [
        "assert first_even([1,3,4,5]) == 4",
        "assert first_even([2,3,4]) == 2",
        "assert first_even([1,3,5]) == None"
    ],
    "difficulty": "Medium",
    "explanation": "The function returns nums[0] when no even numbers exist. It should return None."
}